"Workstation","LogName","EventID","Provider","Level","Description","Users","Count","FirstSeen","LastSeen"
"DESCARTES","Application","0","edgeupdate","Information","(description unavailable - provider/manifest not found)","","635","8/6/2026 9:21:44 PM","9/23/2026 7:22:32 PM"
"DESCARTES","Application","1","CoworkVMService","Warning","(description unavailable - provider/manifest not found)","","42","8/13/2026 11:15:31 PM","9/23/2026 8:59:01 PM"
"DESCARTES","Application","2","Dell.TechHub.Diagnostics.SubAgent.exe",,"(description unavailable - provider/manifest not found)","","68","8/9/2026 3:55:53 PM","9/20/2026 3:16:37 PM"
"DESCARTES","Application","15","SecurityCenter","Information","(description unavailable - provider/manifest not found)","","190","8/6/2026 9:38:19 PM","9/23/2026 9:26:23 PM"
"DESCARTES","Application","26","Outlook","Information","(description unavailable - provider/manifest not found)","","50","8/9/2026 4:49:52 PM","9/22/2026 12:28:49 PM"
"DESCARTES","Application","30","Outlook","Information","(description unavailable - provider/manifest not found)","","44","8/10/2026 10:54:04 PM","9/23/2026 12:27:52 AM"
"DESCARTES","Application","32","Outlook","Information","(description unavailable - provider/manifest not found)","","104","8/10/2026 9:53:17 PM","9/23/2026 9:15:33 PM"
"DESCARTES","Application","36","Outlook","Warning","(description unavailable - provider/manifest not found)","","1","9/10/2026 11:46:20 PM","9/10/2026 11:46:20 PM"
"DESCARTES","Application","37","Outlook","Information","(description unavailable - provider/manifest not found)","","1","9/10/2026 11:47:15 PM","9/10/2026 11:47:15 PM"
"DESCARTES","Application","38","Outlook","Information","(description unavailable - provider/manifest not found)","","44","8/10/2026 10:54:12 PM","9/23/2026 12:28:12 AM"
"DESCARTES","Application","45","Outlook","Information","(description unavailable - provider/manifest not found)","","7","8/10/2026 9:53:17 PM","9/20/2026 10:46:39 AM"
"DESCARTES","Application","63","Outlook","Information","(description unavailable - provider/manifest not found)","NT AUTHORITY\SYSTEM","40","8/13/2026 11:15:32 PM","9/23/2026 8:34:18 PM"
"DESCARTES","Application","102","ESENT","Information","(description unavailable - provider/manifest not found)","","194","8/22/2026 8:50:26 AM","9/23/2026 12:00:20 PM"
"DESCARTES","Application","103","ESENT","Information","(description unavailable - provider/manifest not found)","","191","8/22/2026 8:50:26 AM","9/23/2026 12:00:20 PM"
"DESCARTES","Application","105","ESENT","Information","(description unavailable - provider/manifest not found)","","194","8/22/2026 8:50:26 AM","9/23/2026 12:00:20 PM"
"DESCARTES","Application","256","Chrome","Information","(description unavailable - provider/manifest not found)","DESCARTES\MaksV","37","8/6/2026 10:21:37 PM","9/20/2026 10:45:58 AM"
"DESCARTES","Application","258","Microsoft-Windows-Defrag","Information","(description unavailable - provider/manifest not found)","","36","8/11/2026 10:43:43 PM","9/23/2026 12:37:45 AM"
"DESCARTES","Application","259","Microsoft-Windows-Defrag","Information","(description unavailable - provider/manifest not found)","","3","9/9/2026 12:52:55 PM","9/20/2026 10:42:41 AM"
"DESCARTES","Application","264","Microsoft-Windows-Defrag","Information","(description unavailable - provider/manifest not found)","","5","8/19/2026 7:34:57 AM","9/22/2026 11:45:29 PM"
"DESCARTES","Application","300","ESENT","Information","(description unavailable - provider/manifest not found)","","3","8/30/2026 10:28:38 PM","9/20/2026 10:11:02 PM"
"DESCARTES","Application","301","ESENT","Information","(description unavailable - provider/manifest not found)","","4","8/30/2026 10:28:38 PM","9/20/2026 10:11:02 PM"
"DESCARTES","Application","302","ESENT","Information","(description unavailable - provider/manifest not found)","","3","8/30/2026 10:28:38 PM","9/20/2026 10:11:02 PM"
"DESCARTES","Application","326","ESENT","Information","(description unavailable - provider/manifest not found)","","230","8/22/2026 8:50:26 AM","9/23/2026 12:00:20 PM"
"DESCARTES","Application","327","ESENT","Information","(description unavailable - provider/manifest not found)","","227","8/22/2026 8:50:27 AM","9/23/2026 12:00:20 PM"
"DESCARTES","Application","900","Microsoft-Windows-Security-SPP","Information","(description unavailable - provider/manifest not found)","","5","8/30/2026 8:32:05 AM","9/20/2026 10:45:23 AM"
"DESCARTES","Application","901","ESENT","Information","(description unavailable - provider/manifest not found)","","2","9/6/2026 10:13:11 AM","9/16/2026 7:49:32 PM"
"DESCARTES","Application","902","Microsoft-Windows-Security-SPP","Information","(description unavailable - provider/manifest not found)","","5","8/30/2026 8:32:07 AM","9/20/2026 10:45:23 AM"
"DESCARTES","Application","903","Microsoft-Windows-Security-SPP","Information","(description unavailable - provider/manifest not found)","","3","8/31/2026 7:49:00 PM","9/20/2026 10:42:50 AM"
"DESCARTES","Application","1000",".NET Runtime","Information","(description unavailable - provider/manifest not found)","DESCARTES\MaksV","36","8/15/2026 8:02:39 PM","9/20/2026 10:45:49 AM"
"DESCARTES","Application","1001","Windows Error Reporting","Information","(description unavailable - provider/manifest not found)","NT AUTHORITY\SYSTEM; DESCARTES\MaksV; Window Manager\DWM-1","8345","8/6/2026 9:24:07 PM","9/23/2026 7:20:09 PM"
"DESCARTES","Application","1002","Application Hang","Error","(description unavailable - provider/manifest not found)","NT AUTHORITY\SYSTEM","1","9/10/2026 12:36:35 AM","9/10/2026 12:36:35 AM"
"DESCARTES","Application","1003","Microsoft-Windows-Security-SPP","Information","(description unavailable - provider/manifest not found)","","346","8/6/2026 9:21:58 PM","9/23/2026 10:44:26 PM"
"DESCARTES","Application","1004","Microsoft-Windows-Security-SPP","Information","(description unavailable - provider/manifest not found)","","641","8/6/2026 9:21:43 PM","9/20/2026 10:42:16 AM"
"DESCARTES","Application","1013","Microsoft-Windows-Search","Information","(description unavailable - provider/manifest not found)","","16","8/6/2026 9:22:04 PM","9/20/2026 10:44:25 AM"
"DESCARTES","Application","1022",".NET Runtime","Error","(description unavailable - provider/manifest not found)","NT AUTHORITY\SYSTEM","59","8/6/2026 9:23:54 PM","9/23/2026 10:07:04 PM"
"DESCARTES","Application","1023",".NET Runtime","Error","(description unavailable - provider/manifest not found)","","1","9/7/2026 2:18:53 PM","9/7/2026 2:18:53 PM"
"DESCARTES","Application","1025","MsiInstaller","Information","(description unavailable - provider/manifest not found)","NT AUTHORITY\SYSTEM","269","8/7/2026 10:54:04 PM","9/10/2026 11:47:34 PM"
"DESCARTES","Application","1029","MsiInstaller","Information","(description unavailable - provider/manifest not found)","NT AUTHORITY\SYSTEM","9","8/7/2026 10:54:27 PM","9/10/2026 11:48:01 PM"
"DESCARTES","Application","1033","MsiInstaller","Information","(description unavailable - provider/manifest not found)","NT AUTHORITY\SYSTEM","56","8/6/2026 9:21:48 PM","9/23/2026 12:58:31 AM"
"DESCARTES","Application","1034","Microsoft-Windows-Security-SPP","Information","(description unavailable - provider/manifest not found)","NT AUTHORITY\SYSTEM","216","8/6/2026 9:21:48 PM","9/20/2026 10:42:20 AM"
"DESCARTES","Application","1035","MsiInstaller","Information","(description unavailable - provider/manifest not found)","NT AUTHORITY\SYSTEM; DESCARTES\MaksV","28","8/6/2026 9:22:15 PM","9/20/2026 10:44:30 AM"
"DESCARTES","Application","1036","MsiInstaller","Information","(description unavailable - provider/manifest not found)","NT AUTHORITY\SYSTEM","5","8/7/2026 10:54:27 PM","9/18/2026 11:03:46 PM"
"DESCARTES","Application","1038","MsiInstaller","Information","(description unavailable - provider/manifest not found)","NT AUTHORITY\SYSTEM","9","8/7/2026 10:54:27 PM","9/10/2026 11:48:01 PM"
"DESCARTES","Application","1040","MsiInstaller","Information","(description unavailable - provider/manifest not found)","NT AUTHORITY\SYSTEM; DESCARTES\MaksV","76","8/6/2026 9:21:58 PM","9/23/2026 12:58:11 AM"
"DESCARTES","Application","1042","MsiInstaller","Information","(description unavailable - provider/manifest not found)","NT AUTHORITY\SYSTEM","66","8/6/2026 9:22:15 PM","9/23/2026 12:58:33 AM"
"DESCARTES","Application","1066","Microsoft-Windows-Security-SPP","Information","(description unavailable - provider/manifest not found)","","5","8/30/2026 8:32:05 AM","9/20/2026 10:45:23 AM"
"DESCARTES","Application","1130",".NET Runtime Optimization Service","Information","(description unavailable - provider/manifest not found)","","2","8/30/2026 8:32:17 AM","8/30/2026 8:32:18 AM"
"DESCARTES","Application","1531","Microsoft-Windows-User Profiles Service","Information","(description unavailable - provider/manifest not found)","NT AUTHORITY\SYSTEM","6","8/30/2026 8:31:53 AM","9/20/2026 10:44:13 AM"
"DESCARTES","Application","1532","Microsoft-Windows-User Profiles Service","Information","(description unavailable - provider/manifest not found)","NT AUTHORITY\SYSTEM","6","8/30/2026 7:52:32 AM","9/20/2026 10:43:17 AM"
"DESCARTES","Application","2001","Microsoft Office 16","Error","(description unavailable - provider/manifest not found)","","1","8/31/2026 7:48:10 PM","8/31/2026 7:48:10 PM"
"DESCARTES","Application","2562","Microsoft-Windows-AppXDeploymentServer/Operational",,"(description unavailable - provider/manifest not found)","","235","8/7/2026 10:03:25 PM","9/23/2026 8:59:00 PM"
"DESCARTES","Application","3602","Microsoft-Windows-Search","Error","(description unavailable - provider/manifest not found)","","1","9/20/2026 10:44:19 AM","9/20/2026 10:44:19 AM"
"DESCARTES","Application","4096","VBScriptDeprecationAlert",,"(description unavailable - provider/manifest not found)","","1","9/4/2026 9:18:43 PM","9/4/2026 9:18:43 PM"
"DESCARTES","Application","4097","Microsoft-Windows-CAPI2","Information","(description unavailable - provider/manifest not found)","","1","8/22/2026 7:53:59 PM","8/22/2026 7:53:59 PM"
"DESCARTES","Application","4109","Microsoft-Windows-CAPI2","Information","(description unavailable - provider/manifest not found)","","1","8/28/2026 8:39:43 PM","8/28/2026 8:39:43 PM"
"DESCARTES","Application","4111","Microsoft-Windows-CAPI2","Information","(description unavailable - provider/manifest not found)","","1","8/28/2026 8:39:43 PM","8/28/2026 8:39:43 PM"
"DESCARTES","Application","5615","Microsoft-Windows-WMI","Information","(description unavailable - provider/manifest not found)","NT AUTHORITY\SYSTEM","6","8/30/2026 8:31:54 AM","9/20/2026 10:44:14 AM"
"DESCARTES","Application","5617","Microsoft-Windows-WMI","Information","(description unavailable - provider/manifest not found)","NT AUTHORITY\SYSTEM","7","8/30/2026 8:31:54 AM","9/20/2026 10:44:14 AM"
"DESCARTES","Application","6000","Microsoft-Windows-Winlogon","Information","(description unavailable - provider/manifest not found)","","9","8/30/2026 7:51:37 AM","9/20/2026 10:44:36 AM"
"DESCARTES","Application","6003","Microsoft-Windows-Winlogon","Information","(description unavailable - provider/manifest not found)","","3","8/30/2026 8:34:23 AM","9/20/2026 10:44:36 AM"
"DESCARTES","Application","6004","Microsoft-Windows-Winlogon","Warning","(description unavailable - provider/manifest not found)","","3","8/30/2026 8:32:32 AM","9/20/2026 10:43:10 AM"
"DESCARTES","Application","7042","Microsoft-Windows-Search","Error","(description unavailable - provider/manifest not found)","","1","9/20/2026 10:44:19 AM","9/20/2026 10:44:19 AM"
"DESCARTES","Application","8220","VSS","Information","(description unavailable - provider/manifest not found)","","14","9/9/2026 12:00:42 PM","9/20/2026 1:49:50 AM"
"DESCARTES","Application","8224","VSS","Information","(description unavailable - provider/manifest not found)","","128","8/6/2026 9:24:55 PM","9/23/2026 12:09:19 PM"
"DESCARTES","Application","8231","VSS","Information","(description unavailable - provider/manifest not found)","","92","8/7/2026 12:54:01 AM","9/23/2026 12:00:14 PM"
"DESCARTES","Application","10000","Microsoft-Windows-RestartManager","Information","(description unavailable - provider/manifest not found)","NT AUTHORITY\SYSTEM; DESCARTES\MaksV","364","8/6/2026 9:21:57 PM","9/23/2026 12:58:13 AM"
"DESCARTES","Application","10001","Microsoft-Windows-RestartManager","Information","(description unavailable - provider/manifest not found)","NT AUTHORITY\SYSTEM; DESCARTES\MaksV","94","8/11/2026 9:51:00 PM","9/23/2026 12:58:33 AM"
"DESCARTES","Application","10002","Microsoft-Windows-RestartManager","Information","(description unavailable - provider/manifest not found)","NT AUTHORITY\SYSTEM; DESCARTES\MaksV","6","8/16/2026 3:30:42 PM","9/23/2026 12:58:12 AM"
"DESCARTES","Application","10003","Microsoft-Windows-RestartManager","Information","(description unavailable - provider/manifest not found)","NT AUTHORITY\SYSTEM; DESCARTES\MaksV","7","8/6/2026 9:21:57 PM","9/23/2026 12:58:33 AM"
"DESCARTES","Application","10005","Microsoft-Windows-RestartManager","Information","(description unavailable - provider/manifest not found)","NT AUTHORITY\SYSTEM; DESCARTES\MaksV","161","8/12/2026 9:04:50 PM","9/23/2026 12:58:11 AM"
"DESCARTES","Application","10010","Microsoft-Windows-RestartManager","Warning","(description unavailable - provider/manifest not found)","NT AUTHORITY\SYSTEM","668","8/16/2026 9:09:16 AM","9/23/2026 12:58:11 AM"
"DESCARTES","Application","10024","Microsoft-Windows-Search","Warning","(description unavailable - provider/manifest not found)","","11","8/6/2026 9:22:04 PM","9/7/2026 2:09:18 PM"
"DESCARTES","Application","11707","MsiInstaller","Information","(description unavailable - provider/manifest not found)","NT AUTHORITY\SYSTEM","26","8/12/2026 9:04:46 PM","9/23/2026 12:58:31 AM"
"DESCARTES","Application","11724","MsiInstaller","Information","(description unavailable - provider/manifest not found)","NT AUTHORITY\SYSTEM","12","8/12/2026 9:04:51 PM","9/9/2026 12:31:22 PM"
"DESCARTES","Application","11728","MsiInstaller","Information","(description unavailable - provider/manifest not found)","NT AUTHORITY\SYSTEM","24","8/6/2026 9:22:15 PM","9/20/2026 10:44:30 AM"
"DESCARTES","Application","11729","MsiInstaller","Information","(description unavailable - provider/manifest not found)","DESCARTES\MaksV","4","8/7/2026 10:52:04 PM","9/18/2026 11:02:36 PM"
"DESCARTES","Application","16384","Microsoft-Windows-Security-SPP","Information","(description unavailable - provider/manifest not found)","","640","8/10/2026 9:53:53 PM","9/20/2026 10:42:50 AM"
"DESCARTES","Application","16394","Microsoft-Windows-Security-SPP","Information","(description unavailable - provider/manifest not found)","","641","8/10/2026 9:57:44 PM","9/20/2026 10:45:23 AM"
"DESCARTES","System","1","Microsoft-Windows-Configuration-Change-Monitor","Information","(description unavailable - provider/manifest not found)","NT AUTHORITY\SYSTEM; NT AUTHORITY\LOCAL SERVICE; DESCARTES\MaksV","5279","6/2/2026 12:52:15 AM","9/23/2026 2:55:22 PM"
"DESCARTES","System","2","WiManH","Information","(description unavailable - provider/manifest not found)","NT AUTHORITY\LOCAL SERVICE; DESCARTES\MaksV; NT AUTHORITY\SYSTEM","243","6/1/2026 6:35:10 PM","9/20/2026 10:44:06 AM"
"DESCARTES","System","3","Virtual Disk Service","Information","(description unavailable - provider/manifest not found)","NT AUTHORITY\SYSTEM","21","6/7/2026 8:55:38 PM","9/20/2026 10:41:59 AM"
"DESCARTES","System","4","Virtual Disk Service","Information","(description unavailable - provider/manifest not found)","","14","6/7/2026 8:56:44 PM","9/9/2026 12:56:55 PM"
"DESCARTES","System","5","Microsoft-Windows-IsolatedUserMode","Information","(description unavailable - provider/manifest not found)","DESCARTES\MaksV; NT AUTHORITY\LOCAL SERVICE; NT AUTHORITY\SYSTEM","63","6/1/2026 6:35:11 PM","6/16/2026 9:11:11 PM"
"DESCARTES","System","6","Microsoft-Windows-FilterManager","Information","(description unavailable - provider/manifest not found)","NT AUTHORITY\SYSTEM","366","6/7/2026 8:55:39 PM","9/23/2026 12:58:08 AM"
"DESCARTES","System","10","VMnetBridge","Information","(description unavailable - provider/manifest not found)","","23","6/7/2026 8:55:50 PM","9/20/2026 10:44:13 AM"
"DESCARTES","System","11","disk","Error","(description unavailable - provider/manifest not found)","","2","9/6/2026 12:50:33 AM","9/8/2026 11:41:42 PM"
"DESCARTES","System","12","Microsoft-Windows-UserModePowerService","Information","(description unavailable - provider/manifest not found)","NT AUTHORITY\SYSTEM","94","6/7/2026 8:55:38 PM","9/20/2026 10:44:14 AM"
"DESCARTES","System","13","Microsoft-Windows-Kernel-General","Information","(description unavailable - provider/manifest not found)","","21","6/6/2026 10:31:26 AM","9/20/2026 10:43:23 AM"
"DESCARTES","System","14","Microsoft-Windows-Wininit","Information","(description unavailable - provider/manifest not found)","NT AUTHORITY\SYSTEM","24","6/7/2026 8:55:49 PM","9/20/2026 10:44:13 AM"
"DESCARTES","System","15","Microsoft-Windows-Kernel-General","Information","(description unavailable - provider/manifest not found)","NT AUTHORITY\SYSTEM","66","6/7/2026 8:55:43 PM","9/20/2026 10:44:36 AM"
"DESCARTES","System","16","Microsoft-Windows-Kernel-General","Information","(description unavailable - provider/manifest not found)","NT AUTHORITY\SYSTEM; DESCARTES\MaksV","1332","6/1/2026 6:24:38 PM","9/23/2026 8:59:00 PM"
"DESCARTES","System","18","TPM","Information","(description unavailable - provider/manifest not found)","NT AUTHORITY\SYSTEM","197","6/2/2026 2:35:09 PM","9/20/2026 10:44:23 AM"
"DESCARTES","System","19","Microsoft-Windows-WindowsUpdateClient","Information","(description unavailable - provider/manifest not found)","NT AUTHORITY\SYSTEM","554","6/2/2026 2:51:14 PM","9/23/2026 11:00:50 AM"
"DESCARTES","System","20","Microsoft-Windows-WindowsUpdateClient","Error","(description unavailable - provider/manifest not found)","NT AUTHORITY\SYSTEM; NT AUTHORITY\LOCAL SERVICE","381","6/1/2026 6:24:40 PM","9/22/2026 12:28:05 AM"
"DESCARTES","System","21","Microsoft-Windows-HAL","Error","(description unavailable - provider/manifest not found)","NT AUTHORITY\LOCAL SERVICE","182","6/3/2026 1:38:49 AM","9/20/2026 2:39:26 PM"
"DESCARTES","System","22","Microsoft-Windows-UserModePowerService","Information","(description unavailable - provider/manifest not found)","NT AUTHORITY\SYSTEM","1","6/7/2026 9:22:12 PM","6/7/2026 9:22:12 PM"
"DESCARTES","System","23","Microsoft-Windows-Wininit","Information","(description unavailable - provider/manifest not found)","NT AUTHORITY\SYSTEM","24","6/7/2026 8:55:49 PM","9/20/2026 10:44:12 AM"
"DESCARTES","System","24","Microsoft-Windows-Kernel-General","Information","(description unavailable - provider/manifest not found)","NT AUTHORITY\LOCAL SERVICE; NT AUTHORITY\SYSTEM","231","6/3/2026 1:38:49 AM","9/20/2026 2:39:26 PM"
"DESCARTES","System","25","Microsoft-Windows-Wininit","Information","(description unavailable - provider/manifest not found)","NT AUTHORITY\SYSTEM","210","6/2/2026 2:35:09 PM","9/20/2026 10:44:12 AM"
"DESCARTES","System","26","Application Popup","Information","(description unavailable - provider/manifest not found)","NT AUTHORITY\SYSTEM","29","6/7/2026 8:55:51 PM","9/20/2026 10:44:14 AM"
"DESCARTES","System","27","Microsoft-Windows-Kernel-Boot","Information","(description unavailable - provider/manifest not found)","NT AUTHORITY\SYSTEM","157","6/2/2026 2:35:09 PM","9/20/2026 10:44:01 AM"
"DESCARTES","System","28","Intel-SST-OED","Information","(description unavailable - provider/manifest not found)","NT AUTHORITY\SYSTEM","711","6/2/2026 2:35:08 PM","9/20/2026 10:44:07 AM"
"DESCARTES","System","29","Intel-SST-OED","Information","(description unavailable - provider/manifest not found)","NT AUTHORITY\SYSTEM","234","6/7/2026 8:55:44 PM","9/20/2026 10:44:07 AM"
"DESCARTES","System","30","Microsoft-Windows-Kernel-Boot","Information","(description unavailable - provider/manifest not found)","NT AUTHORITY\SYSTEM","162","6/2/2026 2:35:09 PM","9/20/2026 10:44:01 AM"
"DESCARTES","System","32","Microsoft-Windows-Kernel-Boot","Information","(description unavailable - provider/manifest not found)","NT AUTHORITY\SYSTEM","157","6/2/2026 2:35:09 PM","9/20/2026 10:44:01 AM"
"DESCARTES","System","33","Volsnap","Information","(description unavailable - provider/manifest not found)","","18","7/5/2026 5:37:56 AM","9/23/2026 12:28:00 AM"
"DESCARTES","System","34","vmx86",,"(description unavailable - provider/manifest not found)","","23","6/7/2026 8:55:51 PM","9/20/2026 10:44:13 AM"
"DESCARTES","System","35","Microsoft-Windows-Time-Service","Information","(description unavailable - provider/manifest not found)","NT AUTHORITY\LOCAL SERVICE","43","6/7/2026 9:02:02 PM","9/22/2026 9:16:30 PM"
"DESCARTES","System","36","Volsnap","Error","(description unavailable - provider/manifest not found)","","27","6/7/2026 8:55:41 PM","9/23/2026 12:31:35 AM"
"DESCARTES","System","37","Microsoft-Windows-Time-Service","Information","(description unavailable - provider/manifest not found)","NT AUTHORITY\LOCAL SERVICE","163","6/2/2026 2:35:46 PM","9/23/2026 3:28:32 PM"
"DESCARTES","System","40","Microsoft-Windows-Kernel-Power","Information","(description unavailable - provider/manifest not found)","","382","6/2/2026 2:41:22 AM","9/19/2026 12:59:03 AM"
"DESCARTES","System","41","Microsoft-Windows-Kernel-Power","Critical","(description unavailable - provider/manifest not found)","NT AUTHORITY\SYSTEM","4","6/24/2026 9:43:52 PM","7/30/2026 10:08:38 PM"
"DESCARTES","System","42","Microsoft-Windows-Kernel-Power","Information","(description unavailable - provider/manifest not found)","","133","6/2/2026 2:41:22 AM","9/19/2026 12:59:03 AM"
"DESCARTES","System","43","Microsoft-Windows-WindowsUpdateClient","Information","(description unavailable - provider/manifest not found)","NT AUTHORITY\SYSTEM","681","6/1/2026 6:24:39 PM","9/23/2026 11:00:45 AM"
"DESCARTES","System","44","Microsoft-Windows-WindowsUpdateClient","Information","(description unavailable - provider/manifest not found)","NT AUTHORITY\SYSTEM","1010","6/1/2026 6:23:27 PM","9/23/2026 10:59:42 AM"
"DESCARTES","System","55","Microsoft-Windows-Kernel-Processor-Power","Information","(description unavailable - provider/manifest not found)","NT AUTHORITY\SYSTEM","384","6/7/2026 8:55:42 PM","9/20/2026 10:44:06 AM"
"DESCARTES","System","98","Microsoft-Windows-Ntfs","Information","(description unavailable - provider/manifest not found)","NT AUTHORITY\SYSTEM","152","6/7/2026 8:55:39 PM","9/23/2026 12:00:15 PM"
"DESCARTES","System","100","winsrvext","Warning","(description unavailable - provider/manifest not found)","NT AUTHORITY\SYSTEM","10","6/6/2026 10:29:57 AM","9/20/2026 5:51:35 AM"
"DESCARTES","System","105","Microsoft-Windows-Kernel-Power","Information","(description unavailable - provider/manifest not found)","NT AUTHORITY\SYSTEM","321","6/2/2026 1:29:47 AM","9/20/2026 6:39:36 PM"
"DESCARTES","System","107","Microsoft-Windows-Kernel-Power","Information","(description unavailable - provider/manifest not found)","","133","6/2/2026 2:41:24 AM","9/19/2026 12:59:15 AM"
"DESCARTES","System","109","Microsoft-Windows-Kernel-Power","Information","(description unavailable - provider/manifest not found)","NT AUTHORITY\SYSTEM","20","6/6/2026 10:31:24 AM","9/20/2026 10:43:22 AM"
"DESCARTES","System","111","Microsoft-Windows-HttpService","Information","(description unavailable - provider/manifest not found)","NT AUTHORITY\SYSTEM; NT AUTHORITY\LOCAL SERVICE","21","6/7/2026 9:01:07 PM","9/20/2026 10:46:24 AM"
"DESCARTES","System","112","Microsoft-Windows-HttpService","Information","(description unavailable - provider/manifest not found)","NT AUTHORITY\SYSTEM","551","6/7/2026 8:55:50 PM","9/20/2026 10:46:24 AM"
"DESCARTES","System","113","Microsoft-Windows-HttpService","Information","(description unavailable - provider/manifest not found)","NT AUTHORITY\LOCAL SERVICE; NT AUTHORITY\SYSTEM","205","6/7/2026 9:01:07 PM","9/22/2026 6:56:46 PM"
"DESCARTES","System","114","Microsoft-Windows-HttpService","Information","(description unavailable - provider/manifest not found)","NT AUTHORITY\LOCAL SERVICE; NT AUTHORITY\SYSTEM","192","6/9/2026 12:27:09 PM","9/22/2026 6:59:37 PM"
"DESCARTES","System","117","Microsoft-Windows-HttpService","Information","(description unavailable - provider/manifest not found)","NT AUTHORITY\LOCAL SERVICE","3","6/15/2026 9:24:44 PM","9/8/2026 8:26:21 AM"
"DESCARTES","System","129","Microsoft-Windows-Hyper-V-Hypervisor","Information","(description unavailable - provider/manifest not found)","NT AUTHORITY\SYSTEM","7","6/7/2026 8:55:38 PM","6/15/2026 9:25:17 PM"
"DESCARTES","System","134","Microsoft-Windows-Time-Service","Warning","(description unavailable - provider/manifest not found)","NT AUTHORITY\LOCAL SERVICE","160","6/2/2026 2:35:09 PM","9/19/2026 8:27:05 PM"
"DESCARTES","System","137","Microsoft-Windows-Time-Service","Information","(description unavailable - provider/manifest not found)","NT AUTHORITY\LOCAL SERVICE","3","6/21/2026 11:29:01 PM","7/5/2026 8:39:01 PM"
"DESCARTES","System","153","Microsoft-Windows-Kernel-Boot","Information","(description unavailable - provider/manifest not found)","NT AUTHORITY\SYSTEM","24","6/7/2026 8:55:38 PM","9/20/2026 10:44:01 AM"
"DESCARTES","System","156","Microsoft-Windows-Hyper-V-Hypervisor","Information","(description unavailable - provider/manifest not found)","NT AUTHORITY\SYSTEM","7","6/7/2026 8:55:38 PM","6/15/2026 9:25:17 PM"
"DESCARTES","System","158","Microsoft-Windows-Time-Service","Information","(description unavailable - provider/manifest not found)","NT AUTHORITY\LOCAL SERVICE","65","6/7/2026 9:01:04 PM","9/20/2026 11:54:53 AM"
"DESCARTES","System","161","volmgr","Error","(description unavailable - provider/manifest not found)","","1","6/24/2026 9:43:52 PM","6/24/2026 9:43:52 PM"
"DESCARTES","System","162","volmgr","Error","(description unavailable - provider/manifest not found)","","1","6/24/2026 9:43:52 PM","6/24/2026 9:43:52 PM"
"DESCARTES","System","165","Microsoft-Windows-Hyper-V-Hypervisor","Information","(description unavailable - provider/manifest not found)","NT AUTHORITY\SYSTEM","7","6/7/2026 8:55:38 PM","6/15/2026 9:25:17 PM"
"DESCARTES","System","172","Microsoft-Windows-Kernel-Power","Information","(description unavailable - provider/manifest not found)","NT AUTHORITY\SYSTEM","670","6/2/2026 1:29:53 AM","9/20/2026 6:39:28 PM"
"DESCARTES","System","187","Microsoft-Windows-Kernel-Power","Information","(description unavailable - provider/manifest not found)","NT AUTHORITY\SYSTEM","1","7/11/2026 11:55:17 AM","7/11/2026 11:55:17 AM"
"DESCARTES","System","214","Microsoft-Windows-WindowsUpdateClient","Information","(description unavailable - provider/manifest not found)","NT AUTHORITY\SYSTEM","4","7/19/2026 12:19:08 PM","8/28/2026 8:54:05 PM"
"DESCARTES","System","219","Microsoft-Windows-Kernel-PnP","Warning","(description unavailable - provider/manifest not found)","NT AUTHORITY\SYSTEM","144","6/7/2026 8:55:41 PM","9/20/2026 10:44:10 AM"
"DESCARTES","System","238","Microsoft-Windows-Kernel-Boot","Information","(description unavailable - provider/manifest not found)","NT AUTHORITY\SYSTEM","24","6/7/2026 8:55:38 PM","9/20/2026 10:44:01 AM"
"DESCARTES","System","247","Microsoft-Windows-Kernel-Boot","Information","(description unavailable - provider/manifest not found)","NT AUTHORITY\SYSTEM","50","6/2/2026 2:35:09 PM","7/11/2026 10:43:09 AM"
"DESCARTES","System","267","Win32k","Information","(description unavailable - provider/manifest not found)","","25","6/7/2026 8:55:52 PM","9/20/2026 10:44:13 AM"
"DESCARTES","System","277","Microsoft-Windows-Hyper-V-VmSwitch","Information","(description unavailable - provider/manifest not found)","NT AUTHORITY\SYSTEM","23","6/7/2026 8:55:50 PM","9/20/2026 10:44:13 AM"
"DESCARTES","System","506","Microsoft-Windows-Kernel-Power","Information","(description unavailable - provider/manifest not found)","NT AUTHORITY\SYSTEM","655","6/2/2026 1:29:32 AM","9/20/2026 6:18:43 PM"
"DESCARTES","System","507","Microsoft-Windows-Kernel-Power","Information","(description unavailable - provider/manifest not found)","NT AUTHORITY\SYSTEM","654","6/2/2026 1:29:33 AM","9/20/2026 6:39:28 PM"
"DESCARTES","System","521","Microsoft-Windows-Kernel-Power","Information","(description unavailable - provider/manifest not found)","NT AUTHORITY\SYSTEM","47","6/7/2026 8:55:42 PM","9/20/2026 10:44:06 AM"
"DESCARTES","System","524","Microsoft-Windows-Kernel-Power","Information","(description unavailable - provider/manifest not found)","NT AUTHORITY\SYSTEM","4","6/17/2026 7:25:39 AM","8/23/2026 3:26:39 PM"
"DESCARTES","System","566","Microsoft-Windows-Kernel-Power","Information","(description unavailable - provider/manifest not found)","NT AUTHORITY\SYSTEM","1467","6/2/2026 1:29:32 AM","9/20/2026 6:39:28 PM"
"DESCARTES","System","577","Microsoft-Windows-Kernel-Power","Information","(description unavailable - provider/manifest not found)","","20","6/6/2026 10:31:26 AM","9/20/2026 10:43:23 AM"
"DESCARTES","System","578","Microsoft-Windows-Kernel-Power","Information","(description unavailable - provider/manifest not found)","NT AUTHORITY\SYSTEM","9","6/7/2026 8:55:41 PM","9/20/2026 10:44:05 AM"
"DESCARTES","System","700","Win32k","Warning","(description unavailable - provider/manifest not found)","","240","6/2/2026 1:29:32 AM","9/19/2026 12:10:53 AM"
"DESCARTES","System","701","Win32k","Warning","(description unavailable - provider/manifest not found)","","238","6/2/2026 2:35:07 PM","9/19/2026 11:16:27 AM"
"DESCARTES","System","1001","Microsoft-Windows-WER-SystemErrorReporting","Error","(description unavailable - provider/manifest not found)","NT AUTHORITY\SYSTEM","1","6/24/2026 9:44:01 PM","6/24/2026 9:44:01 PM"
"DESCARTES","System","1014","Microsoft-Windows-DNS-Client","Warning","(description unavailable - provider/manifest not found)","NT AUTHORITY\NETWORK SERVICE","13","6/7/2026 9:01:02 PM","9/20/2026 10:46:32 AM"
"DESCARTES","System","1025","Microsoft-Windows-TPM-WMI","Information","(description unavailable - provider/manifest not found)","NT AUTHORITY\SYSTEM","23","6/7/2026 8:56:00 PM","9/20/2026 10:44:27 AM"
"DESCARTES","System","1038","Microsoft-Windows-TPM-WMI","Information","(description unavailable - provider/manifest not found)","NT AUTHORITY\SYSTEM","153","6/2/2026 2:35:14 PM","9/20/2026 10:44:15 AM"
"DESCARTES","System","1040","Microsoft-Windows-TPM-WMI","Error","(description unavailable - provider/manifest not found)","NT AUTHORITY\SYSTEM","1","7/21/2026 9:40:34 PM","7/21/2026 9:40:34 PM"
"DESCARTES","System","1041","Microsoft-Windows-TPM-WMI","Information","(description unavailable - provider/manifest not found)","NT AUTHORITY\SYSTEM","154","6/2/2026 2:35:14 PM","9/20/2026 10:44:15 AM"
"DESCARTES","System","1074","User32","Information","(description unavailable - provider/manifest not found)","NT AUTHORITY\SYSTEM; DESCARTES\MaksV","20","6/6/2026 10:29:49 AM","9/20/2026 10:43:10 AM"
"DESCARTES","System","1282","Microsoft-Windows-TPM-WMI","Information","(description unavailable - provider/manifest not found)","NT AUTHORITY\SYSTEM","23","6/7/2026 8:56:00 PM","9/20/2026 10:44:25 AM"
"DESCARTES","System","1808","Microsoft-Windows-TPM-WMI","Information","(description unavailable - provider/manifest not found)","NT AUTHORITY\SYSTEM","13","6/7/2026 9:03:56 PM","9/20/2026 10:49:18 AM"
"DESCARTES","System","2004","Microsoft-Windows-Resource-Exhaustion-Detector","Warning","(description unavailable - provider/manifest not found)","NT AUTHORITY\SYSTEM","1","9/6/2026 8:34:12 PM","9/6/2026 8:34:12 PM"
"DESCARTES","System","4000","Microsoft-Windows-WLAN-AutoConfig","Information","(description unavailable - provider/manifest not found)","NT AUTHORITY\SYSTEM","23","6/7/2026 8:55:55 PM","9/20/2026 10:44:16 AM"
"DESCARTES","System","4001","Microsoft-Windows-WLAN-AutoConfig","Information","(description unavailable - provider/manifest not found)","NT AUTHORITY\SYSTEM","18","6/6/2026 10:31:20 AM","9/20/2026 10:43:17 AM"
"DESCARTES","System","4199","Tcpip","Error","(description unavailable - provider/manifest not found)","","1","7/19/2026 12:02:54 PM","7/19/2026 12:02:54 PM"
"DESCARTES","System","4207","Tcpip","Error","(description unavailable - provider/manifest not found)","","16","6/15/2026 8:46:56 PM","8/31/2026 7:47:52 PM"
"DESCARTES","System","4227","Tcpip","Warning","(description unavailable - provider/manifest not found)","","3","6/15/2026 9:15:57 PM","6/27/2026 4:29:00 PM"
"DESCARTES","System","4311","NetBT","Information","(description unavailable - provider/manifest not found)","","42","6/15/2026 9:12:13 PM","7/19/2026 9:30:32 PM"
"DESCARTES","System","4500","Microsoft-Windows-WinREAgent","Information","(description unavailable - provider/manifest not found)","NT AUTHORITY\SYSTEM","8","6/10/2026 12:21:01 PM","9/9/2026 12:50:45 PM"
"DESCARTES","System","4501","Microsoft-Windows-WinREAgent","Information","(description unavailable - provider/manifest not found)","NT AUTHORITY\SYSTEM","6","6/7/2026 8:56:25 PM","9/20/2026 10:42:52 AM"
"DESCARTES","System","6005","EventLog","Information","(description unavailable - provider/manifest not found)","","23","6/7/2026 8:55:50 PM","9/20/2026 10:44:13 AM"
"DESCARTES","System","6006","EventLog","Information","(description unavailable - provider/manifest not found)","","19","6/6/2026 10:31:19 AM","9/20/2026 10:43:17 AM"
"DESCARTES","System","6008","EventLog","Error","(description unavailable - provider/manifest not found)","","4","6/24/2026 9:45:44 PM","7/30/2026 10:08:48 PM"
"DESCARTES","System","6009","EventLog","Information","(description unavailable - provider/manifest not found)","","23","6/7/2026 8:55:50 PM","9/20/2026 10:44:13 AM"
"DESCARTES","System","6013","EventLog","Information","(description unavailable - provider/manifest not found)","","141","6/2/2026 2:35:08 PM","9/23/2026 12:00:00 PM"
"DESCARTES","System","6062","Netwtw10","Warning","(description unavailable - provider/manifest not found)","","3","6/15/2026 8:46:56 PM","8/31/2026 7:47:42 PM"
"DESCARTES","System","6156","LsaSrv","Information","(description unavailable - provider/manifest not found)","NT AUTHORITY\SYSTEM","24","6/7/2026 8:55:50 PM","9/20/2026 10:44:13 AM"
"DESCARTES","System","6166","LsaSrv","Information","(description unavailable - provider/manifest not found)","NT AUTHORITY\SYSTEM","4","8/30/2026 8:31:40 AM","9/8/2026 8:29:06 AM"
"DESCARTES","System","7000","Service Control Manager","Error","(description unavailable - provider/manifest not found)","","43","6/7/2026 8:55:51 PM","9/20/2026 10:44:14 AM"
"DESCARTES","System","7001","Microsoft-Windows-Winlogon","Information","(description unavailable - provider/manifest not found)","NT AUTHORITY\SYSTEM","14","6/7/2026 8:59:16 PM","9/20/2026 10:44:36 AM"
"DESCARTES","System","7002","Netwtw10","Information","(description unavailable - provider/manifest not found)","NT AUTHORITY\SYSTEM","35","6/6/2026 10:30:01 AM","9/20/2026 10:44:06 AM"
"DESCARTES","System","7005","Netwtw10","Information","(description unavailable - provider/manifest not found)","","25","6/7/2026 8:55:43 PM","9/20/2026 10:44:06 AM"
"DESCARTES","System","7006","Netwtw10","Information","(description unavailable - provider/manifest not found)","","25","6/7/2026 8:55:43 PM","9/20/2026 10:44:06 AM"
"DESCARTES","System","7009","Service Control Manager","Error","(description unavailable - provider/manifest not found)","","27","6/7/2026 8:55:51 PM","9/20/2026 10:44:13 AM"
"DESCARTES","System","7010","Netwtw10","Information","(description unavailable - provider/manifest not found)","","25","6/7/2026 8:55:43 PM","9/20/2026 10:44:07 AM"
"DESCARTES","System","7011","Service Control Manager","Error","(description unavailable - provider/manifest not found)","","9","6/10/2026 11:01:36 PM","9/13/2026 11:43:33 PM"
"DESCARTES","System","7012","Netwtw10","Information","(description unavailable - provider/manifest not found)","","5","6/10/2026 11:00:46 PM","9/1/2026 11:24:35 PM"
"DESCARTES","System","7017","Netwtw10","Information","(description unavailable - provider/manifest not found)","","25","6/7/2026 8:55:43 PM","9/20/2026 10:44:07 AM"
"DESCARTES","System","7021","Netwtw10","Information","(description unavailable - provider/manifest not found)","","487","6/2/2026 2:35:08 PM","9/20/2026 4:01:13 PM"
"DESCARTES","System","7023","Netwtw10","Information","(description unavailable - provider/manifest not found)","","169","6/2/2026 2:35:08 PM","9/20/2026 10:44:07 AM"
"DESCARTES","System","7025","Netwtw10","Information","(description unavailable - provider/manifest not found)","","555","6/2/2026 1:31:50 AM","9/20/2026 6:39:28 PM"
"DESCARTES","System","7026","Netwtw10","Information","(description unavailable - provider/manifest not found)","","423","6/2/2026 1:31:50 AM","9/20/2026 6:39:28 PM"
"DESCARTES","System","7027","Netwtw10","Information","(description unavailable - provider/manifest not found)","","25","6/7/2026 8:55:42 PM","9/20/2026 10:44:06 AM"
"DESCARTES","System","7031","Service Control Manager","Error","(description unavailable - provider/manifest not found)","","3","6/18/2026 9:53:28 PM","8/31/2026 7:47:34 PM"
"DESCARTES","System","7032","Service Control Manager","Error","(description unavailable - provider/manifest not found)","","2","7/11/2026 6:01:38 PM","8/31/2026 7:47:34 PM"
"DESCARTES","System","7034","Service Control Manager","Error","(description unavailable - provider/manifest not found)","","2","6/15/2026 9:24:38 PM","7/21/2026 7:06:21 AM"
"DESCARTES","System","7036","Netwtw10","Information","(description unavailable - provider/manifest not found)","","39","6/7/2026 8:55:40 PM","9/20/2026 10:44:06 AM"
"DESCARTES","System","7040","Service Control Manager","Information","(description unavailable - provider/manifest not found)","NT AUTHORITY\SYSTEM; DESCARTES\MaksV","609","6/7/2026 8:59:08 PM","9/23/2026 10:36:14 PM"
"DESCARTES","System","7045","Service Control Manager","Information","(description unavailable - provider/manifest not found)","NT AUTHORITY\SYSTEM; DESCARTES\MaksV","62","6/1/2026 11:45:02 PM","9/23/2026 8:59:00 PM"
"DESCARTES","System","8000","Netwtw10","Information","(description unavailable - provider/manifest not found)","","1","9/20/2026 5:51:47 AM","9/20/2026 5:51:47 AM"
"DESCARTES","System","9001","nhi","Information","(description unavailable - provider/manifest not found)","","24","6/7/2026 8:55:42 PM","9/20/2026 10:44:06 AM"
"DESCARTES","System","9007","nhi","Information","(description unavailable - provider/manifest not found)","","176","6/2/2026 2:35:16 PM","9/20/2026 5:17:18 PM"
"DESCARTES","System","9008","nhi","Information","(description unavailable - provider/manifest not found)","","172","6/2/2026 2:41:21 AM","9/20/2026 5:17:13 PM"
"DESCARTES","System","10000","Microsoft-Windows-DriverFrameworks-UserMode","Information","(description unavailable - provider/manifest not found)","NT AUTHORITY\SYSTEM","10","7/7/2026 8:56:53 PM","9/4/2026 9:52:18 PM"
"DESCARTES","System","10001","Microsoft-Windows-WLAN-AutoConfig","Information","(description unavailable - provider/manifest not found)","NT AUTHORITY\SYSTEM; DESCARTES\MaksV","62","6/7/2026 8:55:55 PM","9/20/2026 10:44:16 AM"
"DESCARTES","System","10002","Microsoft-Windows-WLAN-AutoConfig","Warning","(description unavailable - provider/manifest not found)","NT AUTHORITY\SYSTEM","29","6/6/2026 10:31:20 AM","9/20/2026 10:43:17 AM"
"DESCARTES","System","10005","Microsoft-Windows-DistributedCOM","Error","(description unavailable - provider/manifest not found)","NT AUTHORITY\SYSTEM","22","6/15/2026 8:53:31 PM","9/23/2026 12:58:04 AM"
"DESCARTES","System","10010","Microsoft-Windows-DistributedCOM","Error","(description unavailable - provider/manifest not found)","DESCARTES\MaksV; NT AUTHORITY\SYSTEM; NT AUTHORITY\NETWORK SERVICE","75","6/7/2026 8:56:55 PM","9/20/2026 10:45:52 AM"
"DESCARTES","System","10016","Microsoft-Windows-DistributedCOM","Warning","(description unavailable - provider/manifest not found)","NT AUTHORITY\LOCAL SERVICE; NT AUTHORITY\NETWORK SERVICE; DESCARTES\MaksV; NT AUTHORITY\SYSTEM","3665","6/1/2026 6:45:19 PM","9/22/2026 12:35:42 AM"
"DESCARTES","System","10100","Microsoft-Windows-DriverFrameworks-UserMode","Information","(description unavailable - provider/manifest not found)","NT AUTHORITY\SYSTEM","10","7/7/2026 8:56:53 PM","9/4/2026 9:52:18 PM"
"DESCARTES","System","10118","Microsoft-Windows-DriverFrameworks-UserMode","Information","(description unavailable - provider/manifest not found)","NT AUTHORITY\SYSTEM","144","6/7/2026 8:55:41 PM","9/20/2026 10:44:10 AM"
"DESCARTES","System","10317","Microsoft-Windows-NDIS","Error","(description unavailable - provider/manifest not found)","","131","6/2/2026 2:35:08 PM","9/19/2026 11:16:28 AM"
"DESCARTES","System","12589","itvwd",,"(description unavailable - provider/manifest not found)","","2","7/11/2026 5:37:56 PM","7/11/2026 5:43:34 PM"
"DESCARTES","System","15007","Microsoft-Windows-HttpEvent","Information","(description unavailable - provider/manifest not found)","","81","6/7/2026 8:56:19 PM","9/20/2026 10:46:24 AM"
"DESCARTES","System","15008","Microsoft-Windows-HttpEvent","Information","(description unavailable - provider/manifest not found)","","81","6/7/2026 8:56:00 PM","9/20/2026 10:46:24 AM"
"DESCARTES","System","16962","Microsoft-Windows-Directory-Services-SAM","Information","(description unavailable - provider/manifest not found)","NT AUTHORITY\SYSTEM","24","6/7/2026 8:55:50 PM","9/20/2026 10:44:13 AM"
"DESCARTES","System","16977","Microsoft-Windows-Directory-Services-SAM","Information","(description unavailable - provider/manifest not found)","NT AUTHORITY\SYSTEM","24","6/7/2026 8:55:50 PM","9/20/2026 10:44:13 AM"
"DESCARTES","System","16983","Microsoft-Windows-Directory-Services-SAM","Information","(description unavailable - provider/manifest not found)","NT AUTHORITY\SYSTEM","24","6/7/2026 8:55:50 PM","9/20/2026 10:44:13 AM"
"DESCARTES","System","20003","Microsoft-Windows-UserPnp","Information","(description unavailable - provider/manifest not found)","NT AUTHORITY\SYSTEM","29","7/3/2026 10:10:08 PM","9/20/2026 5:53:11 AM"
"DESCARTES","System","24576","Microsoft-Windows-WPDClassInstaller","Information","(description unavailable - provider/manifest not found)","","10","7/7/2026 8:56:59 PM","9/4/2026 9:52:18 PM"
"DESCARTES","System","24577","Microsoft-Windows-WPDClassInstaller","Information","(description unavailable - provider/manifest not found)","","6","7/7/2026 9:01:32 PM","9/4/2026 9:52:18 PM"
"DESCARTES","System","24578","Microsoft-Windows-WPDClassInstaller","Information","(description unavailable - provider/manifest not found)","","4","7/7/2026 9:01:32 PM","9/4/2026 9:06:56 PM"
"DESCARTES","System","24579","Microsoft-Windows-WPDClassInstaller","Information","(description unavailable - provider/manifest not found)","","2","7/10/2026 8:38:02 PM","9/4/2026 9:52:18 PM"
"DESCARTES","System","24641","Microsoft-Windows-BitLocker-Driver","Error","(description unavailable - provider/manifest not found)","NT AUTHORITY\SYSTEM","35","9/8/2026 8:27:15 AM","9/20/2026 10:44:03 AM"
"DESCARTES","System","24709","Microsoft-Windows-BitLocker-Driver","Information","(description unavailable - provider/manifest not found)","NT AUTHORITY\SYSTEM","314","6/2/2026 2:35:08 PM","9/20/2026 10:44:03 AM"
"DESCARTES","System","24711","Microsoft-Windows-BitLocker-Driver","Information","(description unavailable - provider/manifest not found)","NT AUTHORITY\SYSTEM","157","6/2/2026 2:35:08 PM","9/20/2026 10:44:03 AM"
"DESCARTES","System","25089","Microsoft-Windows-WPDClassInstaller","Information","(description unavailable - provider/manifest not found)","","4","7/7/2026 8:56:59 PM","9/4/2026 9:13:34 PM"
"DESCARTES","System","50036","Microsoft-Windows-Dhcp-Client","Information","(description unavailable - provider/manifest not found)","NT AUTHORITY\LOCAL SERVICE","46","6/7/2026 8:55:50 PM","9/20/2026 10:44:13 AM"
"DESCARTES","System","50037","Microsoft-Windows-Dhcp-Client","Information","(description unavailable - provider/manifest not found)","NT AUTHORITY\LOCAL SERVICE","19","6/6/2026 10:31:19 AM","9/20/2026 10:43:17 AM"
"DESCARTES","System","50103","Microsoft-Windows-Dhcp-Client","Information","(description unavailable - provider/manifest not found)","NT AUTHORITY\LOCAL SERVICE","23","6/7/2026 8:55:50 PM","9/20/2026 10:44:13 AM"
"DESCARTES","System","50104","Microsoft-Windows-Dhcp-Client","Information","(description unavailable - provider/manifest not found)","NT AUTHORITY\LOCAL SERVICE","19","6/6/2026 10:31:19 AM","9/20/2026 10:43:17 AM"
"DESCARTES","System","50105","Microsoft-Windows-Dhcp-Client","Information","(description unavailable - provider/manifest not found)","NT AUTHORITY\LOCAL SERVICE","19","6/6/2026 10:31:19 AM","9/20/2026 10:43:17 AM"
"DESCARTES","System","50106","Microsoft-Windows-Dhcp-Client","Information","(description unavailable - provider/manifest not found)","NT AUTHORITY\LOCAL SERVICE","19","6/6/2026 10:31:19 AM","9/20/2026 10:43:17 AM"
"DESCARTES","System","51046","Microsoft-Windows-DHCPv6-Client","Information","(description unavailable - provider/manifest not found)","NT AUTHORITY\LOCAL SERVICE","23","6/7/2026 8:55:50 PM","9/20/2026 10:44:13 AM"
"DESCARTES","System","51047","Microsoft-Windows-DHCPv6-Client","Information","(description unavailable - provider/manifest not found)","NT AUTHORITY\LOCAL SERVICE","19","6/6/2026 10:31:19 AM","9/20/2026 10:43:17 AM"
"DESCARTES","System","51057","Microsoft-Windows-DHCPv6-Client","Information","(description unavailable - provider/manifest not found)","NT AUTHORITY\LOCAL SERVICE","46","6/6/2026 10:31:19 AM","9/20/2026 10:43:17 AM"
